"ID","Secret Code","Campaign"
"2390980-000115","7YI3AO","ljs4fusc2b"
"2390980-000114","W6TTUE","ljs4fusc2b"
"2390980-000113","DHJXN2","ljs4fusc2b"
"2390980-000112","P20H72","ljs4fusc2b"
"2390980-000111","3WIHVF","ljs4fusc2b"
"2390980-000110","5YHURV","ljs4fusc2b"
"2390980-000109","VLCB6N","ljs4fusc2b"
"2390980-000108","YG8C7J","ljs4fusc2b"
"2390980-000107","6JROKB","ljs4fusc2b"
"2390980-000106","C916MB","ljs4fusc2b"
"2390980-000105","3MSJXU","ljs4fusc2b"
"2390980-000104","99THKJ","ljs4fusc2b"
"2390980-000103","V38N9N","ljs4fusc2b"
"2390980-000102","DCSFPR","ljs4fusc2b"
"2390980-000101","N5QJEU","ljs4fusc2b"
"2390980-000100","RI3KE1","ljs4fusc2b"
"2390980-000099","8L3CEW","ljs4fusc2b"
"2390980-000098","EXCJ13","ljs4fusc2b"
"2390980-000097","IS2LHP","ljs4fusc2b"
"2390980-000096","UNW4IY","ljs4fusc2b"
"2390980-000095","25NP0G","ljs4fusc2b"
"2390980-000094","I6S7TL","ljs4fusc2b"
"2390980-000093","SKK5QR","ljs4fusc2b"
"2390980-000092","9LH8T8","ljs4fusc2b"
"2390980-000091","1QTAR5","ljs4fusc2b"
"2390980-000090","N7X9DZ","ljs4fusc2b"
"2390980-000089","PY2OV8","ljs4fusc2b"
"2390980-000088","LMLQXH","ljs4fusc2b"
"2390980-000087","MSJ3MA","ljs4fusc2b"
"2390980-000086","C3445Y","ljs4fusc2b"
"2390980-000085","9GZSUS","ljs4fusc2b"
"2390980-000084","V2URHH","ljs4fusc2b"
"2390980-000083","NFZVQ7","ljs4fusc2b"
"2390980-000079","2ES1QO","ljs4fusc2b"
"2390980-000078","YT4MC5","ljs4fusc2b"
"2390980-000077","GN5RSV","ljs4fusc2b"
"2390980-000076","GUTXYD","ljs4fusc2b"
"2390980-000074","06X3OE","iq0cj8d9ap"
"2390980-000073","PT95H6","iq0cj8d9ap"
"2390980-000072","IOAFET","iq0cj8d9ap"
"2390980-000071","S7HP0D","iq0cj8d9ap"
"2390980-000070","B6LC2I","iq0cj8d9ap"
"2390980-000069","UY0RT3","iq0cj8d9ap"
"2390980-000068","MUKFUC","iq0cj8d9ap"
"2390980-000067","7U48MQ","iq0cj8d9ap"
"2390980-000066","LKF3PU","iq0cj8d9ap"
"2390980-000065","1EF3KZ","iq0cj8d9ap"
"2390980-000064","E051I9","iq0cj8d9ap"
"2390980-000063","W8WEVN","iq0cj8d9ap"
"2390980-000062","181FGV","iq0cj8d9ap"
"2390980-000061","8K6AHH","iq0cj8d9ap"
"2390980-000060","NNEFU3","iq0cj8d9ap"
"2390980-000059","44Y1OZ","iq0cj8d9ap"
"2390980-000058","ZCCZTO","iq0cj8d9ap"
"2390980-000057","ERRIRD","iq0cj8d9ap"
"2390980-000056","KIC715","iq0cj8d9ap"
"2390980-000055","CRF7NQ","iq0cj8d9ap"
"2390980-000054","CXI3M9","iq0cj8d9ap"
"2390980-000053","F0OPV1","iq0cj8d9ap"
"2390980-000052","DIFLHI","iq0cj8d9ap"
"2390980-000051","NTZUQ2","iq0cj8d9ap"
"2390980-000050","W1RAC2","iq0cj8d9ap"
"2390980-000048","U4GXU4","ljs4fusc2b"
"2390980-000047","CHWQM9","ljs4fusc2b"
"2390980-000046","M9F5MC","ljs4fusc2b"
"2390980-000045","2NDRPJ","ljs4fusc2b"
"2390980-000043","DF8E4V","ljs4fusc2b"
"2390980-000042","SP5NXI","ljs4fusc2b"
"2390980-000041","TVM1PP","ljs4fusc2b"
"2390980-000040","I0LIWA","ljs4fusc2b"
"2390980-000039","OLH4NZ","ljs4fusc2b"
"2390980-000037","VD7XNI","iq0cj8d9ap"
"2390980-000036","E2PK20","iq0cj8d9ap"
"2390980-000035","KJZGV9","iq0cj8d9ap"
"2390980-000034","YRMCIC","iq0cj8d9ap"
"2390980-000032","XJDPHM","iq0cj8d9ap"
"2390980-000031","RVKL2B","iq0cj8d9ap"
"2390980-000030","K40IXN","iq0cj8d9ap"
"2390980-000029","M4XJPS","iq0cj8d9ap"
"2390980-000028","1GKUY1","iq0cj8d9ap"
"2390980-000026","CLHVOD","ljs4fusc2b"
"2390980-000025","DDHQ27","ljs4fusc2b"
"2390980-000024","EWYZXE","ljs4fusc2b"
"2390980-000023","2JGU6C","ljs4fusc2b"
"2390980-000021","JBFH28","ljs4fusc2b"
"2390980-000020","0DOJXC","ljs4fusc2b"
"2390980-000019","5SLXWC","ljs4fusc2b"
"2390980-000018","ZMBQOS","ljs4fusc2b"
"2390980-000014","MDCBPA","iq0cj8d9ap"
"2390980-000012","E2W8ZS","iq0cj8d9ap"
"2390980-000011","SUGX5O","iq0cj8d9ap"
"2390980-000010","7LO4JW","iq0cj8d9ap"
"2390980-000009","9V34IZ","iq0cj8d9ap"
"2390980-000008","JYJVCM","iq0cj8d9ap"
"2390980-000006","BJO7SC","iq0cj8d9ap"
